Time,V1,V2,V3,V4,V5,V6,V7,V8,V9,V10,V11,V12,V13,V14,V15,V16,V17,V18,V19,V20,V21,V22,V23,V24,V25,V26,V27,V28,Amount,Class
30505.396,-0.82529175,3.1531599,-1.8558567,1.2613187,-0.9819467,0.7110716,-0.9660964,0.4315782,-1.6800952,-2.8881435,1.8760203,-2.7809572,-1.6832011,-3.9227006,0.51872605,1.2415507,-0.15869708,0.5095073,-0.4217959,0.03931795,0.46169338,0.0106231645,-0.13946617,-0.3363108,-0.08391681,-0.22227252,0.3466684,0.33370188,0.8363212,1.0
41981.293,0.7819552,1.2655206,-0.16281812,2.2804024,1.9612479,-0.65065026,0.28299472,0.5909178,-1.7528948,0.03781564,-1.0395837,0.27208868,-1.617697,-1.5863115,0.42159334,1.9216213,1.9160578,-0.04591581,-1.3257723,-3.6211252,0.44704974,0.5304555,-0.51142305,0.2440806,0.15747648,-0.28842908,0.293255,0.18791832,8.325571,1.0
162924.92,-1.4564153,1.2162862,-1.8209234,3.216207,-0.30796763,-1.3581336,0.1742305,1.1713477,-4.0774207,-3.6253064,2.6430173,-3.9918787,0.14585309,-2.024464,0.5554031,-1.0047776,-4.1700034,-0.6235649,0.73603594,0.40854272,0.44667903,1.1874057,0.14454304,-0.62260735,-0.1853982,0.32555667,0.45947266,0.13177244,312.75284,1.0
161865.64,-17.550243,-6.715664,-4.966891,3.3691344,0.74134403,-2.254679,-1.9462856,0.94300324,-4.6642404,-3.6957333,2.3584113,-3.53441,1.6461139,-1.5647112,0.41793045,-5.858131,-11.655546,-1.9655428,3.7453442,-0.17696945,0.7710533,1.186194,0.14437024,-0.056969665,0.01913595,-0.66067344,0.29004765,0.07539163,418.58157,1.0
50405.195,-27.69474,13.773248,-26.887451,7.056195,-19.99549,-4.7394743,-14.341617,14.031412,-2.3606925,-13.391179,6.573181,-10.38812,0.1805762,-7.788518,-1.01818,-5.897707,-17.225565,-7.479017,0.52327824,1.0121562,5.2498946,-4.492696,-0.8022857,0.03466162,2.120634,-0.30130678,0.45938876,0.6856344,66.61068,1.0
149618.11,-18.322113,2.553096,-29.062204,6.9017324,-13.016546,-5.4642205,-8.621447,14.042922,-8.418913,-13.9236,5.557129,-14.404762,1.9274006,-13.350628,-0.3147519,-11.790074,-22.491259,-8.389038,3.098977,1.1876739,6.6050825,-0.63319504,-2.207314,0.7869583,-0.05112864,-0.34160906,0.34786734,0.021962509,426.17154,1.0
914.11346,-3.339372,1.8788038,-8.088238,1.0711432,-5.705909,-0.6415366,-9.60447,1.2489467,0.70873094,-4.215403,2.7238343,-4.010652,-1.1736308,-4.716122,1.2682048,-3.5696502,-1.6735953,0.37541586,2.4259424,0.24791722,0.94347095,-0.09096865,0.59702736,-0.29721156,-0.9273876,0.3825322,0.745792,0.20481046,0.0014103586,1.0
30624.023,-18.028536,11.153066,-18.412483,6.9404073,-14.113897,-4.561442,-12.9128,12.850083,-4.268881,-13.601612,6.480178,-13.679692,0.24942146,-11.197626,0.32295933,-9.937082,-21.214159,-5.5903177,1.2437756,0.38223335,2.5712333,-0.18682426,-0.2703221,0.1650412,0.7942377,0.6119708,0.69814223,0.20491512,0.8429508,1.0
1472.228,1.805086,2.6072128,-0.21108444,0.6771133,-0.14823967,5.709415,1.9777627,-1.3492669,1.6585443,0.042225756,-1.5942477,0.21399303,-2.002567,-1.404337,0.49950653,2.2905898,6.4525127,2.4664297,-3.271881,-4.0986066,0.005780717,0.5345656,-1.1592118,0.61044526,-0.13329218,-0.2682988,0.13685176,-0.4326849,372.18616,1.0
30660.76,-20.55833,10.662867,-20.911594,6.755403,-16.828348,-2.8275056,-18.492052,12.158707,-2.3306081,-13.91975,6.373667,-7.3099403,0.5162415,-10.169557,-0.13071725,-9.624404,-13.260428,-2.680397,2.3579135,0.26330435,1.014657,-1.2388853,0.21106516,-0.1485897,1.0778911,0.33637294,1.2889291,0.14049374,0.00052895845,1.0
140975.5,-1.003612,2.7681067,-0.05005731,3.5564084,0.6658198,-0.55970234,0.34943396,0.37053582,-1.411276,-5.2120934,4.508185,-5.1653466,-1.8232789,-5.065392,1.2501414,-3.189324,1.5246977,0.636261,0.5703447,0.15444927,2.2897062,0.7423174,0.65299183,-1.1517339,-0.1406596,0.49977535,-1.4553632,0.41185132,0.4662912,1.0
43853.63,-6.936912,2.7528813,-7.4606385,3.5427842,-7.518144,-2.59174,-15.517934,4.4602427,-2.079556,-10.088171,5.5180182,-8.014737,0.51139504,-9.643462,0.3752136,-11.418103,-16.27696,-4.3563886,2.0143275,0.8181531,3.4693964,0.11203017,0.0881711,-0.5585178,-0.045563396,0.510527,1.3935857,0.20922315,0.15420124,1.0
143748.27,-5.962701,4.9605794,-9.804886,7.18946,-1.9160033,-3.2049658,-6.1906786,3.7425447,-5.8645473,-14.38299,7.840068,-16.325855,-0.39728308,-15.011236,-0.4522769,-6.0685773,-15.458242,-5.405563,0.9940715,0.18936737,1.090307,-0.061797492,-0.6233052,-0.1926225,0.1586239,0.99530566,0.9549492,-0.041301835,265.16452,1.0
59770.156,-17.776028,6.424865,-15.557783,9.651431,-11.336752,-5.071143,-6.0063066,9.943866,-2.869046,-14.855738,11.2806015,-17.114456,-0.9835768,-17.234447,-1.494045,-11.467287,-21.15106,-8.670586,1.2788652,0.4936187,2.138765,-0.17659763,0.20922545,0.027588889,0.58286583,0.57611424,0.72627956,0.28958324,308.7084,1.0
3583.1843,-2.2619166,2.00136,-3.0719376,1.5248079,-1.3964154,-0.36012438,-3.6207528,0.61576277,-1.4050679,-2.2941544,2.0217135,-3.5698423,-1.826527,-3.3335378,1.4187318,-1.6847112,-3.6484606,-0.44287908,1.016113,0.08368593,0.6010546,-0.2764408,-0.21631518,0.2422063,0.2574629,-0.28188056,0.40227336,0.3796991,3.3269808,1.0
160948.25,-10.507695,2.7034574,-6.311805,1.7152594,-5.012298,5.567809,-19.321308,-17.227911,0.850348,-7.8594494,5.3362293,-12.731659,-1.5828993,-12.2113085,-2.4498122,-11.760305,-14.273509,-4.5277214,2.5192974,-0.41295537,1.2802652,-0.7826335,5.243075,-1.370403,0.38272193,-0.24362522,1.2241087,0.8183986,1.0,1.0
406.1194,1.887511,2.174759,-3.6359901,1.5862136,2.903764,4.463782,1.9876142,-1.2241789,-2.2625356,0.04221229,-1.4803324,0.09831683,-2.0027688,-7.1783648,0.5929615,2.2906058,6.5092664,2.5699697,-3.2861476,-4.1154413,-2.2662637,0.6959489,-0.38661605,0.77404773,-0.72043574,-0.008705955,0.45031288,-0.7689086,48.04879,1.0
46511.09,-5.5336876,4.3741508,-5.625196,6.2411847,-7.718395,-2.2698157,-10.66674,3.7854588,-4.509691,-12.610124,5.904399,-14.217302,0.69351685,-8.1797495,-0.24411553,-11.915734,-20.86817,-6.3329525,3.1266544,-0.12350413,1.652963,0.6006081,0.070443146,0.041883547,-0.40865153,0.5527457,0.6484661,-0.025419736,113.800415,1.0
151121.28,-1.2852365,-1.3045163,-2.0770922,1.7558903,0.84740466,-1.8095788,1.1327124,0.78854233,-2.3641396,-2.255613,1.5401682,-4.0108232,0.4962837,-1.1187885,0.06795251,-0.4119515,-3.8937263,-0.76476103,0.8216671,0.7602285,0.24097349,1.2231997,0.08078655,-1.011728,-0.2877196,-0.24060377,-0.27507246,0.19969414,358.8949,1.0
43170.016,-29.87516,16.388895,-30.548315,10.666594,-21.635588,-5.5628743,-19.763649,19.570707,-1.8310814,-13.801336,11.115457,-14.501541,-0.043323364,-11.249177,-0.72703636,-9.147979,-10.065403,-5.2525434,0.41854444,2.8124998,1.1299895,-4.6679225,0.14331287,-0.34989354,2.1559591,-0.24892682,2.0582526,0.23223421,0.10552188,1.0
144650.2,-10.975356,6.0539308,-27.824287,9.163206,-10.525158,-5.535189,-2.5450342,12.487096,-8.323516,-14.923776,11.28313,-17.226883,1.3869506,-18.302233,-1.6718487,-12.370232,-22.784513,-9.029915,2.3812194,0.24131064,22.853682,0.39089525,-2.1579635,0.7912243,-0.4956928,-0.21535203,-1.8291929,-0.62111694,426.32376,1.0
52271.375,-1.4780201,2.8467095,-4.520691,4.269226,-0.879239,-1.8573507,-2.0619726,1.1897151,-2.6178243,-4.26798,3.4931083,-5.653643,1.2824068,-3.7245557,-0.11761622,-3.9540672,-4.716149,-2.2254703,0.8343772,-0.09083967,0.652232,0.99256456,-0.134001,-0.29792094,-0.6582275,-0.23141025,-0.29468596,0.12427351,6.2575407,1.0
148094.4,-3.4287534,1.6593152,-2.2176962,4.158344,-1.5101696,-1.1792275,-1.823652,0.7379972,-5.832175,-4.7184854,4.176245,-7.1074853,-1.0045785,-4.1643214,0.5484515,-4.041143,-6.5093045,-3.7994337,1.0400164,0.4630162,1.0690033,0.3632023,-0.06592139,0.14843215,-0.07597473,-0.21571247,0.15040861,0.121236995,403.44946,1.0
97416.37,-1.2623892,2.2652519,-4.575925,5.771073,-1.3428836,-2.0868373,-2.8905234,1.5161897,-1.9068553,-8.9019,5.0459676,-8.065883,0.60371196,-6.7968698,0.0048691453,-8.477856,-7.2235527,-4.1780148,2.5374863,0.43320554,1.2817847,0.79583585,0.6858549,-0.38596463,-1.6534826,0.28287032,0.5545041,0.08874814,133.21957,1.0
91743.77,-2.1878963,1.3582532,-2.333145,3.229977,-1.1547767,-1.62565,-2.020712,1.1252873,-3.950621,-4.316678,3.4752567,-5.465055,-0.50854856,-4.0707335,0.48346746,-2.5715673,-6.57589,-1.6420926,0.91104573,0.7135798,0.54430974,0.2442792,-0.06849479,-0.23369594,0.118947834,-0.09356516,0.66770256,0.16048352,136.27245,1.0
45769.84,-2.2157724,2.1718178,-4.525483,6.21898,-1.9462372,-2.416337,-7.9367633,1.2104127,-1.1470317,-13.832489,9.868362,-14.90337,0.029660018,-13.743641,-0.13782492,-11.289406,-11.401357,-3.9552405,2.2609708,0.28683648,2.3964946,0.049932834,0.5912636,-0.40647617,-0.6978155,0.30995736,1.4013618,0.19541906,319.78662,1.0
44640.6,-0.15514798,1.8637767,-4.9673877,4.212376,0.39415202,-4.091202,-2.3190393,1.2749366,0.025636317,-6.3142548,5.9370475,-9.592825,0.34383336,-8.729248,0.22675523,-5.2479515,-3.2559314,-1.4067255,0.8788265,1.6374694,2.0035443,0.615168,0.6290189,-0.79753,-1.1243896,0.3588956,0.39744413,0.19175085,55.692616,1.0
44927.938,0.3847643,1.824222,0.31955695,1.239025,-0.5241181,2.5408213,1.2088035,0.42281613,-1.6863527,-0.8386046,1.5060376,-0.56648296,-1.3687341,-1.193973,0.18369707,1.6695898,-0.2614555,0.3433731,-2.0969467,-0.19883631,0.16197376,1.0294776,-0.21013357,-0.3506592,0.33554587,-0.08375191,0.38469288,0.17197388,5.5194836,1.0
8679.955,-2.294752,0.103329204,-1.3173137,5.247945,-0.51663095,-2.090702,-2.8345668,1.1253501,-2.7622337,-5.399427,4.4130735,-6.896829,-1.534477,-3.8972695,1.1181597,-6.2214727,-5.590463,-2.4094777,2.2911942,1.0237099,0.5375846,-0.051945794,0.11062181,-0.2716634,-0.5553365,-0.2653351,0.8095196,-0.055794775,0.93741393,1.0
41408.594,0.870028,1.7751262,0.04851292,0.67116934,0.7707011,4.914931,1.84114,-19.04897,1.3991188,0.03087777,-1.5911646,-1.8411323,-1.828682,-0.8878169,0.5549317,2.2740433,4.7234726,1.0931443,-0.4674093,-0.18533368,-1.3270459,1.1211814,-0.75951666,-0.1039923,-0.20495753,-0.28079236,-0.7634168,0.108586155,424.78986,1.0
20276.518,-0.22707474,1.8080975,-7.5452633,6.1644907,-1.6769534,-1.9644965,-5.9848948,1.0587331,-0.22735523,-10.197168,6.618309,-6.943928,1.126014,-10.70958,0.1456226,-5.024113,-2.9675076,-0.76350814,1.8953195,0.79622465,0.44047526,0.17266934,4.099296,-0.5812619,-1.9059795,0.521017,1.4082987,-0.18664548,1.0,1.0
104772.51,-18.1677,10.795109,-22.611992,8.312439,-11.544584,-5.2012057,-12.294097,13.872615,-4.2837596,-14.877208,10.453135,-17.020334,-0.2865278,-17.49021,-0.617171,-10.746328,-20.403265,-7.865952,1.1378477,0.6439182,2.1981494,-0.11170872,-0.2657304,0.050050333,0.5344256,0.911929,0.71416235,0.19263996,410.20795,1.0
29944.348,-0.60020095,1.8473885,-0.82158273,1.7143451,-0.8194348,-0.56725067,-2.921565,0.9887613,1.1887884,-1.1264689,0.8399344,-2.2250152,0.080440365,-1.3477322,1.6332469,-2.4964902,2.770305,0.2265892,1.8217721,0.019855706,1.2432461,0.7585559,1.5808663,-0.34299418,-2.0175014,-0.23957624,0.17157987,0.16274114,54.407272,1.0
142652.36,-3.367278,2.6920538,-2.5785885,3.3823147,-1.6433512,-0.34025994,-2.5917287,1.2269233,-4.32517,-7.0265803,3.388967,-5.3670816,-1.2067463,-4.2304435,0.49662492,-4.549063,-8.919972,-2.0256412,1.1214234,-0.17539394,1.2427057,0.87299573,-0.35356918,-0.6090368,0.18974443,0.35410106,0.22576255,0.13522662,0.5240002,1.0
27772.596,-13.0497875,4.4184647,-12.382177,3.2609665,-7.491338,-1.579802,-11.084919,1.9753326,-2.8175588,-5.199334,4.320453,-3.7608812,0.14293058,-7.599464,-0.26502588,-2.7567608,-5.4177485,0.0061383173,0.44464833,0.19730529,0.7425445,-1.5230615,-0.40524402,-0.31368038,1.8661907,-0.077842,0.73120755,0.3037651,0.012153838,1.0
409.80087,1.5864605,1.6190592,0.029864559,0.8890017,0.3808051,5.0843086,1.9812092,0.48924384,-1.5903014,0.04025922,-1.4805776,0.25526282,-2.0027676,-1.9440295,1.3445431,2.2906058,6.5082593,2.5681052,-3.2857606,-3.8041334,-1.5275387,-0.09399309,-0.66965777,0.70420474,0.089244165,0.32419586,0.575347,-0.52787846,0.37040764,1.0
152080.78,-4.32032,2.8722904,-8.291976,7.8706555,-1.1208531,-5.278004,-4.998634,4.426532,-3.009695,-14.791596,11.49468,-17.184788,-0.4451414,-18.32741,-1.4236351,-10.859977,-11.856364,-5.847229,0.92248046,1.2670603,4.3271813,-0.24827011,0.14238438,-0.35965702,-0.008384672,0.87799436,1.6502069,0.24848077,395.52524,1.0
83999.51,-2.3312707,3.0642567,-8.24302,5.1743894,-0.7894535,-1.806496,-6.077039,1.3448728,-4.1226983,-6.2186694,5.518259,-6.1133947,0.64478546,-11.247883,-1.3729578,-2.994904,-8.088422,-1.0665673,0.5288404,-0.10141678,0.12732777,-0.056748457,-0.4242796,-0.3885863,0.24826288,0.22102435,0.33249417,0.13991426,0.033763666,1.0
44542.457,-10.256203,2.561359,-20.323807,5.8753333,-9.243988,-4.6204133,-8.094021,3.203581,-3.9601455,-13.292126,5.3609037,-11.141829,0.64531475,-11.676243,0.91985416,-12.574379,-18.616346,-6.2688274,3.9584813,0.20775492,19.860584,-0.19672096,-0.609055,0.7414931,0.18549912,-0.24532917,-0.3202403,0.26126882,326.08456,1.0
45576.57,-1.1375508,1.882392,-2.9809225,2.820407,0.5717667,-1.9104133,-1.5668856,0.87748206,-1.7460288,-2.3002126,2.214683,-2.9579434,1.1537746,-2.4262903,-0.28618205,-2.2893164,-3.2873127,-0.8266789,0.437783,-0.1637763,0.42059353,1.030844,-0.17650867,-0.33527786,-0.39827815,-0.494184,0.10296579,0.17476393,25.460402,1.0
53490.426,-5.980361,2.7801294,-10.603016,7.686236,-8.902271,-5.3130403,-6.2211027,9.184252,-2.1174002,-14.711738,11.025603,-16.907124,0.06825868,-17.300419,-0.587312,-12.582225,-21.966906,-8.922333,2.4319427,1.0364872,19.423178,-0.023931691,0.5012946,-0.03997112,-0.27331892,0.33398396,1.5642422,0.20231807,58.661125,1.0
20636.785,1.1507043,-6.1057734,0.112877175,5.38576,4.015727,-4.3306856,-0.55902594,1.7564031,-4.032445,0.005947985,1.0473156,-0.7962921,-1.1742958,-1.3044101,0.5599647,2.065153,1.6762935,-0.26326182,-0.9372441,0.8318353,-0.05616811,0.23615439,0.09959418,0.40769884,-0.808393,0.30247617,1.0045302,-0.29694968,0.92793536,1.0
94667.63,-1.71686,-2.2980208,-0.3639429,7.1471915,3.5254717,-3.1564667,0.42327994,0.62042016,-5.1260495,-1.3452369,2.5461848,-1.6943729,-0.10159435,-1.730609,0.79531014,-0.9656053,-0.46173295,-1.1783779,0.43468878,-0.012976368,0.5700466,0.65626955,-0.06337293,0.5689849,-0.12303198,-0.24607088,-1.5557181,-0.20065394,56.943584,1.0
45382.562,-28.819645,14.8374815,-28.61727,10.63955,-20.853697,-5.4223075,-14.943013,18.136421,-3.668679,-14.736746,11.576679,-17.14167,-0.27965477,-15.895192,-2.4068894,-11.786645,-22.140257,-9.0617285,0.95718384,1.3578366,2.7958372,-1.0658684,0.014621772,-0.07196625,1.861093,-0.28446978,1.2610261,0.6379618,226.14319,1.0
40427.336,-0.5507218,4.3381476,-1.958307,0.98238814,-1.1969317,3.4674613,-0.98533016,0.2690317,-0.75140154,-3.1435878,1.5395275,-2.8868601,-0.91223836,-4.050876,-0.11384877,0.9772262,0.24901646,0.8088129,-0.7138178,-0.0834612,0.6936767,0.5179463,0.013854409,-0.60048,-0.16876669,-0.26239896,0.25570264,0.31227607,0.90587807,1.0
7798.931,-1.2637137,-0.8456797,-4.5180845,4.4038453,0.01578522,-2.79098,-3.6583657,1.9028432,-0.10817158,-10.388868,6.016083,-7.0171328,0.7727231,-8.288351,0.43557832,-2.7390468,-5.3518205,-0.60352635,0.5615326,1.5073547,0.2524367,0.6679142,0.57857233,-1.2572907,-1.6275787,0.49189645,1.6882567,-0.3991771,1.0,1.0
163390.86,-18.373852,5.0673804,-26.811777,9.267152,-16.128012,-5.48521,-4.4544106,14.205846,-8.283472,-14.907581,11.067068,-17.222727,1.9149495,-17.505362,-1.3007995,-12.661034,-23.23716,-9.087593,3.9854653,0.1883237,26.991167,0.41803417,-0.8938956,0.79491645,-0.3737637,-0.30987448,-1.9168875,-0.2969044,426.00488,1.0
34422.86,-3.1697803,2.7720187,-4.7472053,2.2331605,-8.474478,3.227807,-3.777226,0.8333874,-1.9331611,-4.1645203,2.5978503,-4.497076,-1.1568996,-4.561905,0.46613762,-3.621853,-5.630551,-1.7785037,1.2587801,0.02411208,0.63372034,-0.06291801,0.2645677,-0.19706923,0.25239912,0.27424845,0.42285538,0.20557229,1.0,1.0
88227.01,-1.9938327,-5.4798856,-0.60800433,1.6643028,-0.1184736,-1.2595495,-3.5953462,1.594186,-0.6835552,-3.6229258,2.2394612,-2.6701367,-0.2673572,-1.4057983,0.50356543,-2.7625637,-6.3126893,-1.302893,0.9832842,0.67916507,2.0191965,1.195805,0.40467015,-1.456593,-1.731479,-0.23474902,1.4060229,-0.09991528,158.84546,1.0
21055.184,1.8828273,-1.923804,0.41728652,1.403541,0.6514297,4.021097,1.7009195,0.5055524,0.27134264,0.042010557,-1.465953,0.21438873,-1.9589897,-0.971509,0.7100514,2.2874846,5.1748962,2.0503197,-2.9229128,-1.961817,-1.351901,0.8960117,0.0031717818,0.15989853,-0.12222981,0.35329467,0.68436414,-0.08026443,1.0,1.0
