0,1,2,3,4,5,target
0.46868896484375,-0.2735639,-0.3681962788105011,1.5266693830490112,1.670363426208496,1.3206746578216553,1.0
0.39888009428977966,-0.2793688,-0.3483196794986725,1.5609840154647827,1.456896185874939,1.349570870399475,1.0
0.41524940729141235,-0.2805368,-0.38358551263809204,1.457741618156433,1.474845051765442,1.2698615789413452,1.0
0.2943384051322937,-0.3198631,-0.3602216839790344,1.509893774986267,0.8804523944854736,1.2906936407089233,1.0
0.5027003288269043,-0.3284548,-0.37715721130371094,1.5290651321411133,-0.3446982204914093,1.3526865243911743,1.0
0.3138335347175598,-0.29914674,-0.38366132974624634,1.4381766319274902,1.296994686126709,1.2660138607025146,1.0
0.13516899943351746,-0.36439097,-0.49579694867134094,0.9624311923980713,-0.377865731716156,0.6329917311668396,1.0
0.25956133008003235,-0.32057133,-0.3081030249595642,1.4556398391723633,-0.22827734053134918,1.379210114479065,1.0
0.4399093985557556,-0.27540258,-0.3758833110332489,1.5024003982543945,1.5685840845108032,1.28550124168396,1.0
0.012955510057508945,-0.3733385,-0.46444496512413025,0.8771954774856567,-0.377865731716156,0.6889311075210571,1.0
0.42606306076049805,-0.2787937,-0.376918226480484,1.4827146530151367,1.5621670484542847,1.284638524055481,1.0
0.2565358579158783,-0.32723275,-0.4066082537174225,1.2121198177337646,-0.26372992992401123,1.077229380607605,1.0
0.33871304988861084,-0.29775935,-0.38108885288238525,1.457570195198059,1.2021428346633911,1.2716490030288696,1.0
0.1721269190311432,-0.356015,-0.4913058876991272,0.9879312515258789,-0.377865731716156,0.53130704164505,1.0
0.25780266523361206,-0.31501448,-0.3946669399738312,1.3454391956329346,0.010942001827061176,1.215742588043213,1.0
-0.7642220854759216,-0.46448165,-0.5684336423873901,-0.786550760269165,-0.377865731716156,-0.9170757532119751,1.0
-0.063773013651371,-0.40030876,-0.5320736765861511,-0.11257603764533997,-0.377865731716156,-0.574647843837738,1.0
0.18205606937408447,-0.33425024,-0.4081270396709442,1.2280628681182861,-0.377865731716156,1.1730707883834839,1.0
0.31586894392967224,-0.31285194,-0.35606715083122253,1.4596340656280518,0.653222918510437,1.3200544118881226,1.0
0.33674055337905884,-0.29706123,-0.3819526731967926,1.452779769897461,1.3461440801620483,1.2668644189834595,1.0
0.5207660794258118,-0.27250183,-0.37184298038482666,1.5271567106246948,1.3500139713287354,1.3103582859039307,1.0
0.30156803131103516,-0.30422232,-0.3999677300453186,1.3599752187728882,0.3798385262489319,1.2300071716308594,1.0
0.2050979733467102,-0.34519154,-0.38371458649635315,1.3553566932678223,-0.3600844442844391,1.2242462635040283,1.0
0.31812694668769836,-0.31652138,-0.34104490280151367,1.4588218927383423,0.05833977460861206,1.3469711542129517,1.0
0.22473791241645813,-0.3138539,-0.385862797498703,1.3368748426437378,-0.2819490134716034,1.2465416193008423,1.0
0.27794545888900757,-0.30614594,-0.38239288330078125,1.373826026916504,0.38420864939689636,1.2398661375045776,1.0
0.35363876819610596,-0.2936117,-0.4156663119792938,1.300986409187317,0.049737539142370224,1.131961464881897,1.0
0.41817137598991394,-0.26477,-0.35631194710731506,1.5535869598388672,1.7223174571990967,1.3112847805023193,1.0
0.3315267860889435,-0.2970043,-0.40446773171424866,1.3327606916427612,0.2666485905647278,1.1809428930282593,1.0
0.506676435470581,-0.27415034,-0.39241841435432434,1.4726592302322388,1.176595687866211,1.2396668195724487,1.0
0.446837842464447,-0.2741283,-0.37732598185539246,1.5030580759048462,1.6261287927627563,1.301581621170044,1.0
0.2887832820415497,-0.3185329,-0.3921011984348297,1.3601527214050293,-0.31358882784843445,1.240997314453125,1.0
0.343764066696167,-0.30163857,-0.39109548926353455,1.4584227800369263,0.9456690549850464,1.2703019380569458,1.0
0.2781040370464325,-0.307952,-0.39685988426208496,1.3754055500030518,0.20806662738323212,1.2108522653579712,1.0
0.31087884306907654,-0.30460536,-0.38067132234573364,1.4580352306365967,1.2284622192382812,1.2863293886184692,1.0
0.7475235462188721,-0.30859408,-0.35530343651771545,2.177006483078003,1.5751972198486328,1.4394503831863403,1.0
0.24776822328567505,-0.33460099,-0.39706164598464966,1.4006452560424805,-0.2250378280878067,1.2376723289489746,1.0
0.32584166526794434,-0.33466583,-0.4546172022819519,1.1861218214035034,-0.377865731716156,1.0378825664520264,1.0
0.1794232428073883,-0.3354207,-0.34971535205841064,1.4184404611587524,0.12478738278150558,1.286564826965332,1.0
0.21225890517234802,-0.35237563,-0.4844994843006134,1.0756462812423706,-0.377865731716156,0.9120181798934937,1.0
0.554362952709198,-0.30234143,-0.37309426069259644,1.7368930578231812,1.4374394416809082,1.3642044067382812,1.0
0.3892483115196228,-0.27545646,-0.33645135164260864,1.6343636512756348,1.8996591567993164,1.3705835342407227,1.0
0.4178781807422638,-0.29677328,-0.37589913606643677,1.5301178693771362,1.2147037982940674,1.29548978805542,1.0
0.1520741879940033,-0.3385519,-0.38998886942863464,1.3153753280639648,-0.254635751247406,1.2459256649017334,1.0
-0.013294477947056293,-0.39579242,-0.5371398329734802,0.13088677823543549,-0.377865731716156,-0.7090211510658264,1.0
0.3892248570919037,-0.28154856,-0.3944711685180664,1.393555998802185,1.160319209098816,1.2215244770050049,1.0
0.6002734303474426,-0.28678346,-0.3711184859275818,1.7586079835891724,1.8288358449935913,1.3809607028961182,1.0
0.39507174491882324,-0.3106159,-0.42675843834877014,1.4665597677230835,-0.27910009026527405,1.2424025535583496,1.0
0.8472093343734741,-0.285881,-0.40608954429626465,1.6679935455322266,1.3204275369644165,1.3364564180374146,1.0
0.4104669690132141,-0.27816147,-0.3321184515953064,1.7216476202011108,2.2110512256622314,1.4002227783203125,1.0
0.37508460879325867,-0.28244004,-0.37919938564300537,1.4615654945373535,1.4217901229858398,1.2765891551971436,1.0
0.3166882395744324,-0.33297178,-0.4812215566635132,1.1878572702407837,-0.377865731716156,0.8670393824577332,1.0
0.3760967552661896,-0.2931637,-0.3796095550060272,1.4402551651000977,0.4911341071128845,1.266994595527649,1.0
0.47520339488983154,-0.2926316,-0.3694312870502472,1.591469407081604,1.4337973594665527,1.3193328380584717,1.0
0.3321688771247864,-0.29325214,-0.4052654206752777,1.2974698543548584,-0.239320307970047,1.1793630123138428,1.0
0.2902722954750061,-0.30698904,-0.3912438154220581,1.3971502780914307,0.7456473708152771,1.2551215887069702,1.0
1.1919952630996704,-0.26429328,-0.4050695300102234,1.9149389266967773,1.5797258615493774,1.3800326585769653,1.0
0.10237979143857956,-0.36063528,-0.3855890929698944,1.2337663173675537,-0.377865731716156,1.2224318981170654,1.0
0.1042833924293518,-0.36493617,-0.4581998288631439,1.0949456691741943,-0.377865731716156,1.0603317022323608,1.0
0.4094485938549042,-0.30893624,-0.3626728653907776,1.5586903095245361,1.0989304780960083,1.3285746574401855,1.0
0.11966155469417572,-0.3664414,-0.49877047538757324,0.9438413977622986,-0.377865731716156,0.5094481110572815,1.0
0.18931922316551208,-0.33382028,-0.37457332015037537,1.4033260345458984,-0.22266146540641785,1.289668083190918,1.0
0.3301906883716583,-0.30032048,-0.3634544610977173,1.487027645111084,1.4062248468399048,1.2781627178192139,1.0
0.2987353801727295,-0.3022088,-0.3939918577671051,1.3647044897079468,0.5128828287124634,1.2089500427246094,1.0
0.27770334482192993,-0.3195537,-0.3957887589931488,1.4062355756759644,0.20563961565494537,1.25482177734375,1.0
0.08658114820718765,-0.3689528,-0.4231780767440796,1.1469719409942627,-0.377865731716156,1.1527091264724731,1.0
0.3974057734012604,-0.28153124,-0.3864269256591797,1.4507973194122314,1.3810338973999023,1.2603588104248047,1.0
0.25603505969047546,-0.3153512,-0.3582746386528015,1.4502381086349487,0.06970199197530746,1.336020588874817,1.0
0.1304502785205841,-0.3434207,-0.39575234055519104,1.3021730184555054,-0.27965638041496277,1.2306486368179321,1.0
0.5487660765647888,-0.29331294,-0.3805769085884094,1.7266937494277954,1.7454237937927246,1.38672935962677,1.0
0.023879580199718475,-0.38868034,-0.5296386480331421,0.19141560792922974,-0.377865731716156,-0.65279221534729,1.0
0.6744101643562317,-0.29051104,-0.3996012210845947,1.7607454061508179,1.758965015411377,1.3447291851043701,1.0
0.34559008479118347,-0.32038036,-0.47591090202331543,1.1487997770309448,-0.377865731716156,0.8753599524497986,1.0
0.34193649888038635,-0.2943997,-0.39064669609069824,1.418684959411621,1.2191672325134277,1.255699872970581,1.0
0.17413978278636932,-0.33817706,-0.33453309535980225,1.5013070106506348,0.4720476567745209,1.3067814111709595,1.0
0.2884732186794281,-0.31351498,-0.369924932718277,1.443807601928711,0.40270450711250305,1.30069899559021,1.0
-0.017442617565393448,-0.39720896,-0.536712646484375,0.12403816729784012,-0.377865731716156,-0.7198086977005005,1.0
0.27551308274269104,-0.33840057,-0.499261736869812,1.098568081855774,-0.377865731716156,0.6566120386123657,1.0
0.3333795666694641,-0.29884085,-0.39532893896102905,1.3747605085372925,0.5589298605918884,1.23025643825531,1.0
0.2873675525188446,-0.30871373,-0.38779690861701965,1.2672981023788452,-0.377865731716156,1.278456687927246,1.0
0.3249366879463196,-0.3268016,-0.4325750768184662,1.3327410221099854,-0.377865731716156,1.122640609741211,1.0
0.5383015871047974,-0.26183397,-0.36456063389778137,1.5465208292007446,1.7364532947540283,1.3238252401351929,1.0
0.24513307213783264,-0.3128053,-0.354763388633728,1.395932912826538,-0.0046669174917042255,1.2919751405715942,1.0
0.2825329899787903,-0.30726695,-0.3972110450267792,1.3521268367767334,0.43215709924697876,1.212428092956543,1.0
0.1654605269432068,-0.35549226,-0.5264101028442383,0.5514270663261414,-0.377865731716156,-0.5578662753105164,1.0
0.47779300808906555,-0.26439568,-0.3497936427593231,1.6235073804855347,1.888075351715088,1.3556255102157593,1.0
0.5547115802764893,-0.2793216,-0.3820349872112274,1.6037043333053589,1.7229446172714233,1.3175982236862183,1.0
0.31650206446647644,-0.30202872,-0.38360396027565,1.411078929901123,0.783489465713501,1.2451179027557373,1.0
0.3644963204860687,-0.28640237,-0.35918936133384705,1.5195903778076172,1.5036206245422363,1.3083481788635254,1.0
0.4501705765724182,-0.3047178,-0.35537996888160706,1.654475212097168,0.5335060358047485,1.3759015798568726,1.0
0.5650713443756104,-0.256932,-0.3688289523124695,1.5381107330322266,1.6812759637832642,1.3167827129364014,1.0
0.8723357319831848,-0.29158226,-0.37007221579551697,1.7585667371749878,-0.04331381618976593,1.394363284111023,1.0
0.37258294224739075,-0.3171159,-0.3731476664543152,1.5397179126739502,0.6007893681526184,1.307541012763977,1.0
0.2651286721229553,-0.31874776,-0.3957889676094055,1.409172534942627,0.34139594435691833,1.3200846910476685,1.0
0.3255082666873932,-0.302607,-0.3097791075706482,1.510679841041565,0.6621795892715454,1.4016276597976685,1.0
0.44853198528289795,-0.2646734,-0.3551855683326721,1.4937820434570312,0.9800165295600891,1.3240238428115845,1.0
0.7405866980552673,-0.29066068,-0.41215965151786804,1.7441456317901611,1.7428330183029175,1.3331283330917358,1.0
0.29188868403434753,-0.31007692,-0.3589690327644348,1.4539456367492676,0.4325169622898102,1.3357053995132446,1.0
0.24133624136447906,-0.31604838,-0.39502739906311035,1.360842227935791,0.09638556838035583,1.2172030210494995,1.0
0.28199902176856995,-0.31355447,-0.3728221654891968,1.4330620765686035,0.22456993162631989,1.2760264873504639,1.0
0.305128812789917,-0.30296338,-0.39935991168022156,1.3867106437683105,0.10018768906593323,1.2330414056777954,1.0
0.3262488543987274,-0.29746115,-0.404292494058609,1.3458194732666016,0.2905043065547943,1.2069662809371948,1.0
0.0033979699946939945,-0.4024449,-0.4317619800567627,1.138796329498291,-0.377865731716156,1.1598962545394897,1.0
0.3926446735858917,-0.28255436,-0.40162965655326843,1.3849132061004639,0.8097773194313049,1.206078052520752,1.0
0.21049253642559052,-0.32052696,-0.3960161805152893,1.1518702507019043,-0.377865731716156,1.2282583713531494,1.0
0.6842625141143799,-0.2866432,-0.40039896965026855,1.7869840860366821,1.8560978174209595,1.343785285949707,1.0
0.3072751760482788,-0.3065699,-0.3884749114513397,1.438252329826355,0.8234192132949829,1.273406982421875,1.0
0.19735096395015717,-0.34430656,-0.4738381505012512,0.926392674446106,-0.377865731716156,0.29133909940719604,1.0
0.530746340751648,-0.25030082,-0.3471188247203827,1.4832533597946167,0.9347044229507446,1.3672024011611938,1.0
0.4599672257900238,-0.2705711,-0.36393073201179504,1.517519235610962,1.65652596950531,1.3290570974349976,1.0
0.4131890833377838,-0.279667,-0.3831697702407837,1.4529870748519897,1.4835702180862427,1.2658978700637817,1.0
0.5283281803131104,-0.27175504,-0.3852751553058624,1.4731309413909912,1.029529094696045,1.2604970932006836,1.0
0.3409212827682495,-0.32611266,-0.49762919545173645,1.1373541355133057,-0.377865731716156,0.719806432723999,1.0
0.09967374056577682,-0.3670059,-0.4714011549949646,1.0274436473846436,-0.377865731716156,0.9860250353813171,1.0
0.2995156943798065,-0.34550247,-0.32954224944114685,1.7675232887268066,1.4149444103240967,1.4320688247680664,1.0
0.36445528268814087,-0.27639207,-0.36423438787460327,1.5068663358688354,1.4817429780960083,1.291165828704834,1.0
0.18502134084701538,-0.34943444,-0.513052761554718,0.6544510722160339,-0.377865731716156,-0.4882756173610687,1.0
0.42857733368873596,-0.29346102,-0.38381707668304443,1.4852027893066406,0.04067511111497879,1.2753186225891113,1.0
0.22257766127586365,-0.32305798,-0.3747818171977997,1.3975392580032349,0.2028805911540985,1.2485076189041138,1.0
0.23666802048683167,-0.31429842,-0.3834223449230194,1.4042445421218872,0.6705958843231201,1.2734960317611694,1.0
0.29274284839630127,-0.30523276,-0.39482271671295166,1.3636070489883423,0.42499256134033203,1.2274527549743652,1.0
1.1447747945785522,-0.25680026,-0.44137871265411377,1.8129210472106934,1.7980782985687256,1.3600575923919678,1.0
0.3037637174129486,-0.310975,-0.40149545669555664,1.3716100454330444,-0.21764926612377167,1.23832368850708,1.0
0.5001605153083801,-0.29074696,-0.36787211894989014,1.687466025352478,1.685070276260376,1.3686825037002563,1.0
0.8328977227210999,-0.2802562,-0.3902926445007324,1.902732491493225,2.56046986579895,1.4003589153289795,1.0
0.2791723906993866,-0.30020085,-0.33532479405403137,1.5301086902618408,1.400330662727356,1.3336323499679565,1.0
0.38268885016441345,-0.28956315,-0.4084148108959198,1.3308522701263428,0.22793768346309662,1.1522191762924194,1.0
0.12133148312568665,-0.33773097,-0.37510180473327637,1.3574159145355225,-0.2174222469329834,1.240335464477539,1.0
0.32979682087898254,-0.30960944,-0.3477345108985901,1.4216334819793701,-0.3099755346775055,1.3695411682128906,1.0
0.07420100271701813,-0.3698833,-0.38814452290534973,1.222700595855713,-0.377865731716156,1.2498273849487305,1.0
0.5475402474403381,-0.29405466,-0.3732385039329529,1.6709113121032715,1.4123977422714233,1.3430403470993042,1.0
0.2729368507862091,-0.31800047,-0.3443838655948639,1.365993857383728,-0.3370573818683624,1.3671003580093384,1.0
0.2508593499660492,-0.315102,-0.4002058804035187,1.1716886758804321,-0.377865731716156,1.2606385946273804,1.0
0.2955223619937897,-0.3013386,-0.39066529273986816,1.3877105712890625,0.4998030364513397,1.2265710830688477,1.0
0.2511580288410187,-0.3239556,-0.3287571966648102,1.4553664922714233,0.03599915653467178,1.3526034355163574,1.0
0.20056848227977753,-0.3292521,-0.38040435314178467,1.3766191005706787,-0.2265387326478958,1.254302740097046,1.0
0.280923068523407,-0.31879893,-0.3750338554382324,1.4673818349838257,0.6276928186416626,1.2871702909469604,1.0
0.5375399589538574,-0.29424304,-0.35639435052871704,1.6427278518676758,1.3690425157546997,1.3461761474609375,1.0
0.36143621802330017,-0.2926815,-0.3786046802997589,1.4635937213897705,1.2975854873657227,1.273407220840454,1.0
0.5780578851699829,-0.2791991,-0.3663346469402313,1.6219953298568726,1.6184196472167969,1.3328768014907837,1.0
0.045567046850919724,-0.37901953,-0.4857817590236664,0.9130516648292542,-0.377865731716156,0.6876722574234009,1.0
0.3488309383392334,-0.28965667,-0.3324420154094696,1.48619544506073,0.3463774621486664,1.4031370878219604,1.0
0.3180156350135803,-0.32275158,-0.39424484968185425,1.428908348083496,-0.2612358629703522,1.2544708251953125,1.0
0.32469305396080017,-0.3073527,-0.38402754068374634,1.416266918182373,0.675644040107727,1.2360997200012207,1.0
0.3166426420211792,-0.299054,-0.3882409334182739,1.4083707332611084,0.7384461164474487,1.2498672008514404,1.0
0.2763073742389679,-0.30290145,-0.38636091351509094,1.3984367847442627,0.689893901348114,1.2447627782821655,1.0
0.4481821358203888,-0.2724805,-0.3815504312515259,1.476523756980896,1.5733445882797241,1.2752854824066162,1.0
0.22485017776489258,-0.32184288,-0.40851810574531555,1.1474896669387817,-0.377865731716156,1.228849172592163,1.0
0.2851414978504181,-0.3055378,-0.39595505595207214,1.3732496500015259,0.5808247327804565,1.2316997051239014,1.0
0.31990429759025574,-0.2994715,-0.3839384615421295,1.4198073148727417,1.088894009590149,1.2582838535308838,1.0
0.4672831892967224,-0.30930105,-0.34805771708488464,1.5912381410598755,0.3171670734882355,1.365432858467102,1.0
0.2500722110271454,-0.32025656,-0.40491631627082825,1.2411893606185913,-0.2576240003108978,1.1282068490982056,1.0
0.5243675112724304,-0.24787356,-0.35996755957603455,1.5345247983932495,1.0852705240249634,1.3693851232528687,1.0
0.20891645550727844,-0.32857493,-0.3789951801300049,1.3798000812530518,-0.22285914421081543,1.2821030616760254,1.0
0.47775575518608093,-0.28232506,-0.3923797607421875,1.4105374813079834,-0.24784007668495178,1.2446825504302979,1.0
0.3861749470233917,-0.28283226,-0.38795167207717896,1.4311028718948364,1.3681820631027222,1.248255729675293,1.0
0.2616564631462097,-0.316955,-0.36379942297935486,1.3160477876663208,-0.377865731716156,1.3291211128234863,1.0
0.35379675030708313,-0.31776673,-0.44623035192489624,1.3099344968795776,-0.377865731716156,1.115820050239563,1.0
0.36228302121162415,-0.28390378,-0.3529202342033386,1.6007347106933594,1.887052059173584,1.3460596799850464,1.0
0.41973066329956055,-0.29598534,-0.3693697452545166,1.5111225843429565,0.44148606061935425,1.2932683229446411,1.0
0.8672849535942078,-0.2856516,-0.3640201985836029,1.6979013681411743,0.3335648775100708,1.3798073530197144,1.0
0.007175639737397432,-0.38331246,-0.4825899600982666,0.9289206266403198,-0.377865731716156,0.8013511896133423,1.0
0.28835347294807434,-0.3268267,-0.37345921993255615,1.404200792312622,-0.30588498711586,1.2691580057144165,1.0
0.3141615688800812,-0.29874104,-0.386666476726532,1.4169293642044067,1.1715112924575806,1.2623652219772339,1.0
0.1731351763010025,-0.33012936,-0.37041985988616943,1.366106390953064,-0.23070968687534332,1.2594983577728271,1.0
0.3155801594257355,-0.32872537,-0.3728885054588318,1.500786542892456,-0.23777297139167786,1.2782788276672363,1.0
0.21540920436382294,-0.33000597,-0.3548154830932617,1.3868876695632935,-0.24457329511642456,1.3043289184570312,1.0
0.4499474763870239,-0.27537152,-0.3757268190383911,1.4895907640457153,1.442116618156433,1.2834758758544922,1.0
0.5070067644119263,-0.27882314,-0.40629446506500244,1.4562715291976929,0.815263569355011,1.2184526920318604,1.0
0.29604342579841614,-0.30809337,-0.3977528214454651,1.3495454788208008,0.2102646827697754,1.211631178855896,1.0
0.2420913279056549,-0.34245217,-0.4874933063983917,1.0985862016677856,-0.377865731716156,0.8006242513656616,1.0
0.174963116645813,-0.35649446,-0.4811353087425232,1.0239518880844116,-0.377865731716156,0.8055392503738403,1.0
0.2880043387413025,-0.30878988,-0.3780287802219391,1.4280160665512085,0.13388225436210632,1.2594993114471436,1.0
0.3645416498184204,-0.28619018,-0.3852992653846741,1.4518691301345825,1.3891750574111938,1.2699109315872192,1.0
0.22174391150474548,-0.32252952,-0.37478068470954895,1.401943564414978,0.004511879291385412,1.2660731077194214,1.0
0.34359627962112427,-0.29266384,-0.3813001215457916,1.4429255723953247,1.201587200164795,1.2506341934204102,1.0
0.3886488974094391,-0.28279355,-0.3916412591934204,1.417424201965332,1.2728004455566406,1.2402467727661133,1.0
0.39777371287345886,-0.27873167,-0.37821057438850403,1.4693503379821777,1.4176896810531616,1.2755604982376099,1.0
-0.5249300003051758,-0.43796283,-0.5558350682258606,-0.38483068346977234,-0.377865731716156,-0.8117051720619202,1.0
0.26459434628486633,-0.3107705,-0.38131240010261536,1.3736127614974976,-0.19641882181167603,1.2252684831619263,1.0
0.6666809320449829,-0.2939851,-0.3510988652706146,1.8968533277511597,2.306990385055542,1.429886817932129,1.0
0.6270789504051208,-0.29028273,-0.39821088314056396,1.7233026027679443,1.6129950284957886,1.326825737953186,1.0
0.09990060329437256,-0.36643836,-0.41930845379829407,1.1705678701400757,-0.377865731716156,1.155977725982666,1.0
0.153400257229805,-0.35763234,-0.3965822756290436,1.3285406827926636,-0.3429012596607208,1.2300316095352173,1.0
0.4033608138561249,-0.2807538,-0.38990598917007446,1.4351940155029297,1.3946014642715454,1.248841643333435,1.0
0.29059675335884094,-0.30667156,-0.3983016908168793,1.3540449142456055,0.2744903564453125,1.2273578643798828,1.0
0.04838940128684044,-0.37246457,-0.4554157853126526,0.9697399735450745,-0.377865731716156,1.0282975435256958,1.0
0.4719379246234894,-0.3064851,-0.3699585795402527,1.7746329307556152,2.0403711795806885,1.3853681087493896,1.0
0.25587913393974304,-0.32271814,-0.41299089789390564,1.18603515625,-0.24891023337841034,1.066395878791809,1.0
0.2538328468799591,-0.30993205,-0.3689347207546234,1.4787250757217407,0.48371073603630066,1.273563265800476,1.0
0.7524327635765076,-0.28269303,-0.40034741163253784,1.7694379091262817,1.8485461473464966,1.3419381380081177,1.0
0.2694636583328247,-0.32717642,-0.3948718011379242,1.4184943437576294,-0.26924070715904236,1.273647427558899,1.0
0.07943999022245407,-0.3752755,-0.5319762229919434,0.4527170956134796,-0.377865731716156,-0.6342988014221191,1.0
0.25526055693626404,-0.32924685,-0.500910222530365,0.9306648373603821,-0.377865731716156,-0.00023522129049524665,1.0
0.8979209065437317,-0.2720922,-0.41583916544914246,1.7669240236282349,2.199831008911133,1.3449193239212036,1.0
-0.4322168231010437,-0.43454766,-0.5471744537353516,-0.28673288226127625,-0.377865731716156,-0.730201244354248,1.0
0.34279587864875793,-0.29392722,-0.3977692127227783,1.373964786529541,0.5518540740013123,1.2342358827590942,1.0
0.20373877882957458,-0.31703478,-0.3782326281070709,1.4252636432647705,0.023486509919166565,1.2262821197509766,1.0
0.22650708258152008,-0.32038,-0.3828986585140228,1.398790717124939,-0.07571210712194443,1.2490410804748535,1.0
0.3999527096748352,-0.30891955,-0.3767563998699188,1.5654287338256836,0.7484909296035767,1.3174175024032593,1.0
0.30964478850364685,-0.3143286,-0.39175161719322205,1.4392422437667847,0.357008159160614,1.2461721897125244,1.0
0.732181191444397,-0.2809806,-0.3624320328235626,1.8180911540985107,2.1534042358398438,1.3945790529251099,1.0
0.5318896174430847,-0.30116963,-0.3657549023628235,1.8927851915359497,1.3387277126312256,1.3407666683197021,1.0
0.37323084473609924,-0.29517645,-0.4096246063709259,1.350075602531433,-0.2848481833934784,1.1853089332580566,1.0
0.36452516913414,-0.28928927,-0.4063730239868164,1.343238353729248,0.4253658056259155,1.1826776266098022,1.0
0.3381800651550293,-0.30960053,-0.3708449602127075,1.4814894199371338,0.3356533646583557,1.330057144165039,1.0
0.36537036299705505,-0.28800046,-0.395357221364975,1.376618504524231,0.8380160331726074,1.2064553499221802,1.0
0.13083301484584808,-0.36719528,-0.5341208577156067,0.46995365619659424,-0.377865731716156,-0.6174416542053223,1.0
0.22035223245620728,-0.32233968,-0.3739785850048065,1.3762896060943604,0.007024127524346113,1.2488436698913574,1.0
0.15702520310878754,-0.34086308,-0.3670828640460968,1.374717116355896,-0.22124594449996948,1.2670811414718628,1.0
0.3630312383174896,-0.28793377,-0.3905855715274811,1.4238437414169312,1.1055408716201782,1.2549225091934204,1.0
0.3670770525932312,-0.29881483,-0.3767089247703552,1.4862256050109863,0.9934985637664795,1.300921082496643,1.0
0.20014327764511108,-0.3828994,-0.3662240207195282,1.6729798316955566,-0.25697824358940125,1.3736821413040161,1.0
0.25699305534362793,-0.31064156,-0.3923929035663605,1.3230059146881104,0.02645113691687584,1.2144875526428223,1.0
0.31936320662498474,-0.33226463,-0.5090321898460388,1.1194019317626953,-0.377865731716156,0.509868860244751,1.0
0.036127228289842606,-0.37739557,-0.474822998046875,0.9488855004310608,-0.377865731716156,0.8765833973884583,1.0
0.3135356605052948,-0.31719634,-0.42096146941185,1.2104357481002808,-0.377865731716156,1.1367323398590088,1.0
0.22793972492218018,-0.3231269,-0.37367841601371765,1.4165630340576172,0.16549572348594666,1.2845298051834106,1.0
0.38494232296943665,-0.3124407,-0.3747883439064026,1.5749403238296509,0.8890445828437805,1.3003151416778564,1.0
0.16208034753799438,-0.33583832,-0.39214280247688293,1.317784309387207,-0.22884231805801392,1.2224225997924805,1.0
0.27036845684051514,-0.32479832,-0.36646121740341187,1.4468804597854614,-0.20449420809745789,1.284467339515686,1.0
0.10280938446521759,-0.36688668,-0.49981409311294556,0.9086028933525085,-0.377865731716156,0.5076095461845398,1.0
0.4332130551338196,-0.28322715,-0.3813171684741974,1.5131022930145264,1.3472058773040771,1.2829142808914185,1.0
0.19579535722732544,-0.3363988,-0.43821755051612854,1.230742335319519,-0.377865731716156,1.18181312084198,1.0
0.4490630626678467,-0.27844468,-0.3787808120250702,1.4641908407211304,1.0007671117782593,1.2546875476837158,1.0
0.2941344678401947,-0.3219725,-0.34100577235221863,1.3456076383590698,-0.34777966141700745,1.3125914335250854,1.0
0.3216174244880676,-0.33038536,-0.49742603302001953,1.1303565502166748,-0.377865731716156,0.7189840078353882,1.0
0.04466240108013153,-0.37510604,-0.4129491150379181,1.1411068439483643,-0.377865731716156,1.2561300992965698,1.0
0.5281222462654114,-0.2914044,-0.3815203607082367,1.6274752616882324,1.520978331565857,1.3254616260528564,1.0
0.22305023670196533,-0.3373102,-0.397698312997818,1.3568276166915894,-0.24388056993484497,1.2310470342636108,1.0
0.2537372410297394,-0.30520308,-0.33916085958480835,1.51227867603302,1.1340423822402954,1.3223363161087036,1.0
-0.2900453507900238,-0.42164347,-0.5452901124954224,0.04578430578112602,-0.377865731716156,-0.5600923299789429,1.0
0.28683820366859436,-0.3076282,-0.3931848704814911,1.3669110536575317,0.5731125473976135,1.2374383211135864,1.0
0.3745916783809662,-0.28823006,-0.38729727268218994,1.4248887300491333,1.3455771207809448,1.2471905946731567,1.0
0.45283862948417664,-0.28667805,-0.3327160179615021,1.5218619108200073,1.6272047758102417,1.3726903200149536,1.0
0.4099142849445343,-0.3313566,-0.3445661962032318,1.7920570373535156,1.5049595832824707,1.3931834697723389,1.0
-0.7005294561386108,-0.45337886,-0.5553665161132812,-0.6260332465171814,-0.377865731716156,-0.8944260478019714,1.0
0.2636597156524658,-0.34137836,-0.4705302119255066,1.1082643270492554,-0.377865731716156,0.88697350025177,1.0
0.16129156947135925,-0.3284708,-0.3583358824253082,1.413569450378418,0.5195711851119995,1.2588785886764526,1.0
0.24513250589370728,-0.31809235,-0.40809258818626404,1.2486177682876587,-0.26973745226860046,1.187458872795105,1.0
0.4044291377067566,-0.28021765,-0.39219725131988525,1.415360689163208,1.2568366527557373,1.2402652502059937,1.0
0.26389408111572266,-0.31682685,-0.3774157762527466,1.4000275135040283,-0.12903934717178345,1.2852962017059326,1.0
0.10779809206724167,-0.3477664,-0.3843995928764343,1.2872557640075684,-0.27528271079063416,1.216148853302002,1.0
0.16811415553092957,-0.35115847,-0.47088274359703064,0.9766528010368347,-0.377865731716156,0.7893460392951965,1.0
0.7780646681785583,-0.28160405,-0.3594363331794739,1.805154800415039,1.7364118099212646,1.4031703472137451,1.0
0.41355985403060913,-0.27773985,-0.3731566369533539,1.4957382678985596,1.5470246076583862,1.2969828844070435,1.0
0.37210217118263245,-0.27853602,-0.3556133210659027,1.6695407629013062,2.1424806118011475,1.3847523927688599,1.0
0.1869126707315445,-0.32829654,-0.3331596851348877,1.320425033569336,-0.37607213854789734,1.3353493213653564,1.0
0.5980049967765808,-0.28995326,-0.3896273672580719,1.8021389245986938,2.0499510765075684,1.3720401525497437,1.0
0.2660345435142517,-0.31072173,-0.4335872530937195,1.2029192447662354,-0.377865731716156,1.2458891868591309,1.0
0.41303715109825134,-0.28045335,-0.3822745680809021,1.4704076051712036,1.463565468788147,1.2726411819458008,1.0
0.13776902854442596,-0.34796333,-0.3961981534957886,1.2555636167526245,-0.36143985390663147,1.2880017757415771,1.0
-0.7645296454429626,-0.46454018,-0.5686189532279968,-0.7881630659103394,-0.377865731716156,-0.9176759719848633,1.0
0.3326883316040039,-0.29745853,-0.3706439435482025,1.4509632587432861,0.42472267150878906,1.308404803276062,1.0
0.3064725399017334,-0.2957521,-0.3836163878440857,1.348341703414917,0.2874961495399475,1.251521348953247,1.0
0.4139569103717804,-0.27615714,-0.36576083302497864,1.4729974269866943,0.6154685616493225,1.317218542098999,1.0
0.2701863944530487,-0.31355932,-0.38670894503593445,1.1989588737487793,-0.377865731716156,1.2258135080337524,1.0
-0.7171207666397095,-0.45326698,-0.5453619360923767,-0.6204954385757446,-0.377865731716156,-0.7556592226028442,1.0
0.34782373905181885,-0.30791607,-0.3608834147453308,1.533223032951355,1.1684478521347046,1.3083529472351074,1.0
0.3182918429374695,-0.33035502,-0.49184077978134155,1.1391263008117676,-0.377865731716156,0.7403830289840698,1.0
